order_id,store_name,store_lat,store_lng,delivery_lat,delivery_lng,distance_km,item_count,hour,store_load,timestamp,pick_pack_time_min
1,"Nilgiris, Nungambakkam",13.0604,80.2496,13.018439784850854,80.23022766463806,5.1159854183125155,12,13,48,2026-08-27 13:19:00,19.42
2,"Reliance Smart, Porur",13.0359,80.1567,12.98839195937615,80.1683081261937,5.430288576490231,4,20,46,2026-08-27 20:30:00,12.74
3,"D-Mart, Siruseri OMR",12.829,80.2245,12.827400732263209,80.2009536185874,2.5590736438158275,13,8,25,2026-08-27 08:36:00,17.64
4,"Nilgiris, Alwarpet",13.0338,80.2547,13.021080821451053,80.22544993777973,3.470047240460512,5,21,2,2026-08-27 21:13:00,6.81
5,"Nilgiris, Alwarpet",13.0338,80.2547,13.051229642268533,80.22759825177417,3.517856318907716,7,16,30,2026-08-27 16:47:00,12.6
6,"Star Bazaar, Chetpet",13.0692,80.241,13.066141030125149,80.18878976399189,5.665392078152712,10,10,28,2026-08-27 10:56:00,16.97
7,"Nilgiris, Nungambakkam",13.0604,80.2496,13.093510412521493,80.23208468133882,4.141739159320013,2,12,8,2026-08-27 12:12:00,6.46
8,"D-Mart, Siruseri OMR",12.829,80.2245,12.84406362956191,80.18967062494663,4.130889104262961,8,16,32,2026-08-27 16:48:00,13.15
9,"Spencer's, Guindy",13.0067,80.2206,12.970958196958833,80.1935275015071,4.939572649241163,8,12,42,2026-08-27 12:30:00,16.87
10,"Nilgiris, Nungambakkam",13.0604,80.2496,13.06839512451437,80.22774778409422,2.5284113492061757,11,9,6,2026-08-27 09:51:00,13.83
11,"More Supermarket, Velachery",12.9791,80.2181,13.017122542520687,80.24101274013864,4.902862513085708,14,17,36,2026-08-27 17:43:00,17.24
12,"More Supermarket, Tambaram",12.9249,80.1,12.902734653813267,80.09016819535815,2.6851652163711552,10,18,7,2026-08-27 18:08:00,12.96
13,"Reliance Smart, Porur",13.0359,80.1567,13.00150143443286,80.15164573486513,3.8639406119249093,6,9,37,2026-08-27 09:55:00,13.46
14,"Reliance Smart, Porur",13.0359,80.1567,13.006971326887454,80.13524494487835,3.9686128623017165,6,12,21,2026-08-27 12:47:00,10.06
15,"Reliance Smart, Porur",13.0359,80.1567,13.052425902947085,80.17205958062944,2.4789343540044912,6,11,1,2026-08-27 11:29:00,10.16
16,"Nilgiris, Adyar",13.0067,80.257,13.031780851531778,80.23491673788827,3.674433203161518,12,17,48,2026-08-27 17:39:00,21.02
17,"More Supermarket, Velachery",12.9791,80.2181,13.003178249433489,80.19975481734015,3.3345510333129527,5,18,9,2026-08-27 18:38:00,8.7
18,"Nilgiris, Nungambakkam",13.0604,80.2496,13.043285223974475,80.22295961284512,3.456768071088216,3,18,30,2026-08-27 18:16:00,9.67
19,"Nilgiris, Adyar",13.0067,80.257,13.029535011389058,80.25223263667921,2.5911334901687666,5,22,9,2026-08-27 22:44:00,6.76
20,"Nilgiris, Alwarpet",13.0338,80.2547,13.041126594367038,80.20992137674186,4.918742834709512,1,19,46,2026-08-27 19:22:00,9.47
21,"More Supermarket, Velachery",12.9791,80.2181,12.933430206763878,80.22420827363756,5.121205975637569,2,12,37,2026-08-27 12:39:00,10.17
22,"D-Mart, Sholinganallur OMR",12.901,80.2279,12.944292320286996,80.22103516972305,4.871040944014574,2,9,40,2026-08-27 09:59:00,11.43
23,"Spencer's, Guindy",13.0067,80.2206,13.026976551966825,80.17528670654916,5.402134716763131,11,17,22,2026-08-27 17:28:00,12.09
24,"Star Bazaar, Chetpet",13.0692,80.241,13.02656457573934,80.23930777061157,4.744385460421795,11,21,23,2026-08-27 21:35:00,17.21
25,"Reliance Smart, Porur",13.0359,80.1567,13.022490667987455,80.20366296746099,5.301598044785285,10,22,32,2026-08-27 22:18:00,13.4
26,"D-Mart, Siruseri OMR",12.829,80.2245,12.856905766307003,80.21700119963981,3.2077095657699664,7,11,39,2026-08-27 11:26:00,14.86
27,"D-Mart, Sholinganallur OMR",12.901,80.2279,12.92296366082661,80.22769006558492,2.442353643984442,11,11,42,2026-08-27 11:41:00,18.18
28,"Nilgiris, Adyar",13.0067,80.257,12.961270285389542,80.240806842605,5.347586318643753,3,8,1,2026-08-27 08:17:00,5.76
29,"More Supermarket, Velachery",12.9791,80.2181,12.99604738670472,80.20496087589576,2.361762907936531,13,10,33,2026-08-27 10:14:00,19.15
30,"Nilgiris, Alwarpet",13.0338,80.2547,13.0514719237208,80.23937955779965,2.57208750066654,8,16,6,2026-08-27 16:14:00,11.53
31,"Nilgiris, Alwarpet",13.0338,80.2547,13.057719513065658,80.20876075102174,5.642552908523541,14,16,15,2026-08-27 16:00:00,16.05
32,"Reliance Fresh, Royapettah",13.0524,80.2593,13.058881879419097,80.24004602894163,2.2066316680575957,3,13,41,2026-08-27 13:00:00,9.61
33,"Nilgiris, Nungambakkam",13.0604,80.2496,13.084049398809809,80.23717185493692,2.954211282509554,7,12,13,2026-08-27 12:40:00,9.53
34,"More Supermarket, Velachery",12.9791,80.2181,12.98620661135713,80.16589774493299,5.7111817206891216,10,20,40,2026-08-27 20:48:00,18.63
35,"Star Bazaar, Chetpet",13.0692,80.241,13.021451344959686,80.23478508080815,5.351920874621532,7,14,23,2026-08-27 14:06:00,10.9
36,"More Supermarket, T Nagar",13.0418,80.2341,13.066961377288228,80.20747535356179,4.018123960771947,7,20,12,2026-08-27 20:07:00,10.54
37,"Star Bazaar, Chetpet",13.0692,80.241,13.02625958491618,80.21762650469296,5.40452439904774,3,22,17,2026-08-27 22:03:00,5.73
38,"Nilgiris, Adyar",13.0067,80.257,13.02368617753187,80.2345082026368,3.083035005271201,6,12,27,2026-08-27 12:11:00,14.43
39,"Reliance Fresh, Royapettah",13.0524,80.2593,13.012999165291488,80.25230761721609,4.446174423908278,4,11,38,2026-08-27 11:00:00,10.34
40,"Spencer's, Egmore",13.0779,80.2578,13.108362377507717,80.21736277691325,5.536582845467269,5,22,30,2026-08-27 22:02:00,12.89
41,"Spencer's, Guindy",13.0067,80.2206,12.988855155243824,80.20869095272695,2.3668840232967923,10,17,46,2026-08-27 17:35:00,16.3
42,"Reliance Smart, Porur",13.0359,80.1567,13.005657973169006,80.12086256155705,5.136323793365632,9,12,43,2026-08-27 12:27:00,17.14
43,"D-Mart, Siruseri OMR",12.829,80.2245,12.851874304992725,80.22048297570322,2.580521018660199,9,17,37,2026-08-27 17:25:00,15.24
44,"Star Bazaar, Anna Nagar",13.085,80.2101,13.059461159513669,80.17438216423433,4.7991037783562644,6,15,30,2026-08-27 15:34:00,13.97
45,"More Supermarket, T Nagar",13.0418,80.2341,13.04241093134391,80.21016436200269,2.593755959680232,14,21,15,2026-08-27 21:54:00,16.97
46,"More Supermarket, Tambaram",12.9249,80.1,12.93972499932023,80.11705783955554,2.4768701047909785,2,11,21,2026-08-27 11:28:00,7.99
47,"Nilgiris, Alwarpet",13.0338,80.2547,13.027297731060631,80.225746651227,3.218818415043325,5,22,6,2026-08-27 22:24:00,8.4
48,"Star Bazaar, Chetpet",13.0692,80.241,13.059926612327542,80.20870173077974,3.647243586342281,2,22,19,2026-08-27 22:38:00,5.07
49,"D-Mart, Siruseri OMR",12.829,80.2245,12.824109849228279,80.20536936938106,2.144239337109455,5,10,46,2026-08-27 10:08:00,16.81
50,"Reliance Smart, Porur",13.0359,80.1567,13.000567834100522,80.14079916741206,4.289831732488462,14,10,21,2026-08-27 10:13:00,16.74
51,"Reliance Smart, Porur",13.0359,80.1567,13.012138649037817,80.12203437231184,4.59179392880484,6,15,6,2026-08-27 15:14:00,9.63
52,"Spencer's, Guindy",13.0067,80.2206,12.998628557141084,80.18276230138025,4.196577534398718,13,8,32,2026-08-27 08:47:00,18.21
53,"D-Mart, Sholinganallur OMR",12.901,80.2279,12.90223683484754,80.19616320667345,3.442629337801017,7,12,48,2026-08-27 12:33:00,17.95
54,"Nilgiris, Alwarpet",13.0338,80.2547,13.034378144497968,80.20223198868224,5.684228789180766,10,14,43,2026-08-27 14:53:00,17.19
55,"Nilgiris, Alwarpet",13.0338,80.2547,13.008057176440527,80.21463379624456,5.199481643055346,7,22,14,2026-08-27 22:23:00,9.42
56,"More Supermarket, T Nagar",13.0418,80.2341,13.020211078300264,80.22899625074326,2.4634268973410736,4,22,23,2026-08-27 22:29:00,11.28
57,"More Supermarket, Velachery",12.9791,80.2181,12.975278949982396,80.23823084174353,2.2222716676275116,11,10,27,2026-08-27 10:29:00,16.53
58,"Spencer's, Guindy",13.0067,80.2206,13.026921136250246,80.19886821590434,3.255573479207957,14,21,13,2026-08-27 21:10:00,15.65
59,"Reliance Smart, Porur",13.0359,80.1567,13.065524245888463,80.11826770386243,5.308693698082745,4,9,14,2026-08-27 09:42:00,10.35
60,"D-Mart, Siruseri OMR",12.829,80.2245,12.859848634174321,80.22034389996776,3.45967744431301,11,19,12,2026-08-27 19:09:00,17.23
61,"Star Bazaar, Chetpet",13.0692,80.241,13.043589890994081,80.20206977835197,5.088419565418342,4,20,49,2026-08-27 20:08:00,14.25
62,"Reliance Smart, Porur",13.0359,80.1567,13.015678304236525,80.13132600620504,3.551366780654599,11,21,37,2026-08-27 21:42:00,17.22
63,"D-Mart, Sholinganallur OMR",12.901,80.2279,12.903007004761463,80.20181365644045,2.836230634408966,12,11,42,2026-08-27 11:42:00,19.9
64,"More Supermarket, Tambaram",12.9249,80.1,12.972858660293829,80.09663441256941,5.345217162200951,7,21,41,2026-08-27 21:09:00,13.29
65,"D-Mart, Sholinganallur OMR",12.901,80.2279,12.949147904690431,80.22639738038428,5.356278923526854,11,9,47,2026-08-27 09:30:00,18.56
66,"Star Bazaar, Anna Nagar",13.085,80.2101,13.113131525375357,80.22599143484764,3.5702908633676795,4,15,6,2026-08-27 15:26:00,7.3
67,"Star Bazaar, Chetpet",13.0692,80.241,13.065965865719074,80.20667650902666,3.735116109290372,2,15,44,2026-08-27 15:18:00,10.66
68,"D-Mart, Sholinganallur OMR",12.901,80.2279,12.850879498371238,80.22064136282489,5.62841448862486,2,12,4,2026-08-27 12:10:00,2.85
69,"Nilgiris, Nungambakkam",13.0604,80.2496,13.059521056511377,80.22036472104156,3.1682373212581134,7,8,24,2026-08-27 08:43:00,13.92
70,"Nilgiris, Alwarpet",13.0338,80.2547,13.018649002619567,80.23975647130047,2.336461338227528,13,19,30,2026-08-27 19:29:00,16.66
71,"Nilgiris, Adyar",13.0067,80.257,13.02517811591885,80.21952419656965,4.550354801913836,2,13,18,2026-08-27 13:47:00,6.92
72,"Spencer's, Guindy",13.0067,80.2206,12.998530009889725,80.20177816832492,2.2324339268857893,7,17,8,2026-08-27 17:45:00,10.86
73,"Nilgiris, Alwarpet",13.0338,80.2547,13.060432310064668,80.24016689069042,3.353825933189304,10,14,10,2026-08-27 14:31:00,13.33
74,"Nilgiris, Nungambakkam",13.0604,80.2496,13.061127295017988,80.19967813637096,5.408062067524677,3,13,41,2026-08-27 13:46:00,11.09
75,"D-Mart, Siruseri OMR",12.829,80.2245,12.863859219742011,80.20631954905106,4.348495762147922,11,21,16,2026-08-27 21:34:00,12.33
76,"Nilgiris, Alwarpet",13.0338,80.2547,12.99869651814156,80.2423679858228,4.125644164018311,5,9,16,2026-08-27 09:29:00,9.29
77,"Star Bazaar, Anna Nagar",13.085,80.2101,13.0502898898725,80.17176081611571,5.669350690206704,12,19,46,2026-08-27 19:00:00,18.35
78,"Reliance Fresh, Royapettah",13.0524,80.2593,13.02759666392162,80.25731059844344,2.7664120386507993,9,19,8,2026-08-27 19:20:00,10.42
79,"More Supermarket, Velachery",12.9791,80.2181,12.967033989475288,80.25083998006053,3.792829313027486,8,13,45,2026-08-27 13:33:00,13.98
80,"D-Mart, Siruseri OMR",12.829,80.2245,12.845664773376608,80.20143810639382,3.1120884264032553,3,11,46,2026-08-27 11:00:00,12.58
81,"More Supermarket, Tambaram",12.9249,80.1,12.961961642625987,80.1331518285322,5.467205753047706,7,8,30,2026-08-27 08:48:00,16.1
82,"Nilgiris, Alwarpet",13.0338,80.2547,13.05142990887095,80.22028119689271,4.212415209645101,12,22,9,2026-08-27 22:26:00,16.37
83,"Spencer's, Guindy",13.0067,80.2206,12.973730063986153,80.17748438384594,5.938312325726498,1,22,8,2026-08-27 22:58:00,7.73
84,"Nilgiris, Adyar",13.0067,80.257,12.978525686470334,80.24514409156436,3.385971445252195,11,11,14,2026-08-27 11:44:00,11.98
85,"Spencer's, Egmore",13.0779,80.2578,13.076409088006566,80.21065177316213,5.109372510116714,7,8,29,2026-08-27 08:51:00,14.17
86,"D-Mart, Siruseri OMR",12.829,80.2245,12.859859538222054,80.20181317054997,4.221846840551056,11,9,8,2026-08-27 09:27:00,13.81
87,"Nilgiris, Nungambakkam",13.0604,80.2496,13.013143386334171,80.2439411524534,5.2903323624697265,10,9,23,2026-08-27 09:57:00,11.92
88,"Star Bazaar, Anna Nagar",13.085,80.2101,13.075086349555074,80.1900319006423,2.437129164458232,7,20,6,2026-08-27 20:02:00,7.36
89,"Reliance Smart, Porur",13.0359,80.1567,13.066296990778547,80.12150624084462,5.094882731006505,5,21,27,2026-08-27 21:23:00,9.13
90,"Nilgiris, Adyar",13.0067,80.257,12.992074167050138,80.24338223115858,2.195854839293117,9,10,2,2026-08-27 10:48:00,12.68
91,"Nilgiris, Alwarpet",13.0338,80.2547,12.984949224161065,80.25399119866157,5.432501218499293,2,19,35,2026-08-27 19:15:00,10.25
92,"Nilgiris, Adyar",13.0067,80.257,13.000889317080837,80.2383787209978,2.118429156514453,9,10,3,2026-08-27 10:40:00,10.03
93,"Nilgiris, Adyar",13.0067,80.257,12.975763633347698,80.22762561792744,4.686451235423435,2,13,10,2026-08-27 13:31:00,2.48
94,"D-Mart, Sholinganallur OMR",12.901,80.2279,12.872250816305947,80.1875963927082,5.413378684576237,10,16,9,2026-08-27 16:20:00,9.44
95,"Star Bazaar, Chetpet",13.0692,80.241,13.048230532616584,80.21582667395744,3.5877602709913363,9,18,41,2026-08-27 18:51:00,16.07
96,"Star Bazaar, Anna Nagar",13.085,80.2101,13.073512771679813,80.22819361857708,2.3392463649430524,2,21,3,2026-08-27 21:11:00,2.81
97,"Reliance Fresh, Royapettah",13.0524,80.2593,13.099431693087398,80.25910936578467,5.229726423905127,11,8,22,2026-08-27 08:46:00,15.36
98,"D-Mart, Siruseri OMR",12.829,80.2245,12.834337883796898,80.2016516895259,2.547285112118505,6,10,29,2026-08-27 10:24:00,9.55
99,"Spencer's, Egmore",13.0779,80.2578,13.108871119500447,80.24913259280602,3.569476371687176,12,12,26,2026-08-27 12:20:00,19.27
100,"Nilgiris, Nungambakkam",13.0604,80.2496,13.029960244639753,80.24290754171557,3.461513852796534,1,12,34,2026-08-27 12:08:00,9.78
101,"Nilgiris, Adyar",13.0067,80.257,13.003975862138686,80.23809332693068,2.070675123999649,3,22,40,2026-08-27 22:52:00,11.67
102,"Spencer's, Guindy",13.0067,80.2206,13.039537250249374,80.21625679446647,3.6815270860211085,7,19,20,2026-08-27 19:20:00,11.57
103,"Nilgiris, Adyar",13.0067,80.257,12.983245452662048,80.22704672774832,4.163426547779805,3,12,41,2026-08-27 12:23:00,11.43
104,"More Supermarket, T Nagar",13.0418,80.2341,13.07028646328377,80.22551051725924,3.3013709220667082,5,22,16,2026-08-27 22:14:00,8.62
105,"Nilgiris, Adyar",13.0067,80.257,13.01926471041784,80.21298252373325,4.969271797671906,10,15,49,2026-08-27 15:01:00,18.76
106,"Nilgiris, Adyar",13.0067,80.257,12.99258560306449,80.23377664880486,2.9654882465066517,3,15,25,2026-08-27 15:17:00,9.67
107,"Reliance Smart, Porur",13.0359,80.1567,13.025642785698508,80.206340543997,5.49725746116323,10,14,37,2026-08-27 14:15:00,17.18
108,"D-Mart, Siruseri OMR",12.829,80.2245,12.820112245252332,80.17802099895437,5.135296437502854,2,10,43,2026-08-27 10:47:00,11.99
109,"Nilgiris, Alwarpet",13.0338,80.2547,13.06183181743225,80.20760053893238,5.978806995740099,3,22,39,2026-08-27 22:28:00,10.6
110,"D-Mart, Siruseri OMR",12.829,80.2245,12.870066476570893,80.21855192368831,4.611688506255994,9,8,42,2026-08-27 08:11:00,16.97
111,"Reliance Fresh, Royapettah",13.0524,80.2593,13.019050826594855,80.25542932849399,3.7318899714710687,12,10,27,2026-08-27 10:44:00,13.27
112,"Reliance Smart, Porur",13.0359,80.1567,13.036380227460201,80.1766729838284,2.1643163732193877,3,11,3,2026-08-27 11:06:00,4.4
113,"More Supermarket, Velachery",12.9791,80.2181,12.944917033476584,80.21454247005677,3.8204713696470494,5,12,25,2026-08-27 12:02:00,12.42
114,"Nilgiris, Alwarpet",13.0338,80.2547,13.025990303878404,80.23358816233082,2.446401472996907,13,9,9,2026-08-27 09:03:00,16.32
115,"More Supermarket, Velachery",12.9791,80.2181,12.956398649212927,80.23637429815744,3.208286275134554,14,8,44,2026-08-27 08:09:00,21.77
116,"More Supermarket, Velachery",12.9791,80.2181,12.99342674700031,80.2009419144236,2.44828148399479,9,18,12,2026-08-27 18:00:00,11.98
117,"More Supermarket, T Nagar",13.0418,80.2341,13.040601471203908,80.19689351455513,4.0326694232515,7,22,12,2026-08-27 22:24:00,8.05
118,"Nilgiris, Nungambakkam",13.0604,80.2496,13.100850742710763,80.22697130077509,5.122324550106337,5,9,13,2026-08-27 09:25:00,8.81
119,"Reliance Fresh, Royapettah",13.0524,80.2593,13.030989553815926,80.23833866674428,3.2899617638709193,9,12,32,2026-08-27 12:51:00,12.76
120,"Nilgiris, Nungambakkam",13.0604,80.2496,13.047115592017096,80.2264217308199,2.913011501853682,9,15,28,2026-08-27 15:40:00,15.55
121,"Nilgiris, Alwarpet",13.0338,80.2547,13.031373290908695,80.23459839229821,2.1942771593878323,5,21,47,2026-08-27 21:11:00,14.72
122,"D-Mart, Siruseri OMR",12.829,80.2245,12.837095006280016,80.2035567790091,2.442517870248813,1,18,21,2026-08-27 18:09:00,8.45
123,"D-Mart, Siruseri OMR",12.829,80.2245,12.83975068728692,80.1866241117299,4.276848201722707,3,19,14,2026-08-27 19:29:00,4.71
124,"Nilgiris, Alwarpet",13.0338,80.2547,13.051592497061376,80.20818313647243,5.4134778373694665,14,16,3,2026-08-27 16:00:00,15.42
125,"Nilgiris, Adyar",13.0067,80.257,13.04785200976314,80.23638596653225,5.0917495525411365,6,14,1,2026-08-27 14:14:00,7.97
126,"More Supermarket, Velachery",12.9791,80.2181,12.95176251180137,80.19678338339037,3.8178297211946313,7,10,19,2026-08-27 10:55:00,14.13
127,"Nilgiris, Nungambakkam",13.0604,80.2496,13.086203853515313,80.23197758135058,3.4461443145567974,7,20,46,2026-08-27 20:32:00,16.78
128,"Reliance Smart, Porur",13.0359,80.1567,13.044205217840727,80.1964405696399,4.4029356754505695,11,20,26,2026-08-27 20:47:00,16.65
129,"Spencer's, Egmore",13.0779,80.2578,13.049368289727907,80.25046537653277,3.2705425374542467,1,8,44,2026-08-27 08:44:00,10.91
130,"Spencer's, Egmore",13.0779,80.2578,13.061695675103131,80.24827801883019,2.0761365912699463,2,18,5,2026-08-27 18:20:00,3.43
131,"More Supermarket, Velachery",12.9791,80.2181,12.975980681238484,80.17361742366596,4.832364942734351,4,9,5,2026-08-27 09:07:00,8.99
132,"More Supermarket, Velachery",12.9791,80.2181,13.006741811348483,80.24683959016086,4.37532219211379,7,19,41,2026-08-27 19:53:00,15.05
133,"Nilgiris, Nungambakkam",13.0604,80.2496,13.023660403544667,80.22682587926735,4.7723817077188055,10,20,6,2026-08-27 20:07:00,11.99
134,"More Supermarket, Velachery",12.9791,80.2181,12.997132300348943,80.22003489125531,2.016030418933358,7,9,3,2026-08-27 09:59:00,11.75
135,"Nilgiris, Adyar",13.0067,80.257,12.970742249880505,80.24145598839509,4.338555336536662,7,14,20,2026-08-27 14:05:00,11.97
136,"Star Bazaar, Anna Nagar",13.085,80.2101,13.058115296624873,80.18359369761205,4.144801652445501,14,9,46,2026-08-27 09:52:00,20.87
137,"Spencer's, Egmore",13.0779,80.2578,13.083696662508931,80.23835912514242,2.2020787854880206,3,16,34,2026-08-27 16:20:00,11.27
138,"More Supermarket, T Nagar",13.0418,80.2341,12.993809630036955,80.23128700185327,5.344980707370405,9,21,5,2026-08-27 21:39:00,12.44
139,"Star Bazaar, Anna Nagar",13.085,80.2101,13.103470259637035,80.1908684697787,2.925122158747409,8,9,42,2026-08-27 09:37:00,15.76
140,"Nilgiris, Alwarpet",13.0338,80.2547,13.021652770355669,80.21785213262608,4.214163360358446,7,13,42,2026-08-27 13:36:00,15.47
141,"More Supermarket, Tambaram",12.9249,80.1,12.969923502790433,80.09516852491078,5.033688948739016,12,22,40,2026-08-27 22:55:00,18.12
142,"Reliance Fresh, Royapettah",13.0524,80.2593,13.067177637799618,80.24798597245383,2.049879511764853,4,12,45,2026-08-27 12:30:00,13.33
143,"Reliance Fresh, Royapettah",13.0524,80.2593,13.021153863494549,80.24953605995739,3.631845721442261,14,9,12,2026-08-27 09:39:00,16.47
144,"D-Mart, Sholinganallur OMR",12.901,80.2279,12.863057189379266,80.20816620239313,4.730326392836881,5,15,48,2026-08-27 15:23:00,12.49
145,"More Supermarket, Tambaram",12.9249,80.1,12.932507399058126,80.12379272157476,2.7137670472873237,8,15,16,2026-08-27 15:20:00,10.06
146,"Nilgiris, Adyar",13.0067,80.257,13.047871402015653,80.24001533583024,4.933979618251319,8,17,40,2026-08-27 17:28:00,15.45
147,"More Supermarket, T Nagar",13.0418,80.2341,13.066986246367616,80.20686071687867,4.068077947397716,12,12,29,2026-08-27 12:32:00,12.94
148,"Reliance Fresh, Royapettah",13.0524,80.2593,13.015971153561267,80.24654931956614,4.2797352745661055,7,22,39,2026-08-27 22:46:00,13.88
149,"Nilgiris, Adyar",13.0067,80.257,13.046266789280224,80.22711755524551,5.462290157284112,4,15,31,2026-08-27 15:00:00,10.36
150,"More Supermarket, T Nagar",13.0418,80.2341,12.997182269985759,80.23076528011178,4.974401460430608,1,12,32,2026-08-27 12:12:00,11.46
